<?xml version="1.0" encoding="UTF-8"?>
<project-private xmlns="http://www.netbeans.org/ns/project-private/1">
    <editor-bookmarks xmlns="http://www.netbeans.org/ns/editor-bookmarks/2" lastBookmarkId="0"/>
    <open-files xmlns="http://www.netbeans.org/ns/projectui-open-files/2">
        <group>
            <file>file:/C:/Users/CRISTIAN/Documents/NetBeansProjects/Proyecto_2da_Entrega/src/vista/Principal.java</file>
            <file>file:/C:/Users/CRISTIAN/Documents/NetBeansProjects/Proyecto_2da_Entrega/src/UML/UML2.jpeg</file>
            <file>file:/C:/Users/CRISTIAN/Documents/NetBeansProjects/Proyecto_2da_Entrega/src/InterfazGrafica_mockup_/interfaz.png</file>
        </group>
    </open-files>
</project-private>
